 , ,=====Registration Data==========, , 
Name,Company,Designation,Email Address,Location
,,,,"23.04161566,72.50776520000001"
 , ,==========, , 
Index,Screen,Question,Answer,Imgage Question Answer
1,Application,"What Type of industry is it?","Cement", 
2,Application,"Describe The Purpose of The Machine.","test", 
3,Application,"What is The Relative Humidity of the Air?","11,%,Low", 
4,Application,"What is the ambient temperature?","11,°F,Low", 
5,Application,"Please specify if there is any dust or vapor in the air.","test", 
6,Machine,"Who is the machine manufacturer?","test", 
7,Machine,"How do you commonly refer to that machine?","test", 
8,Machine,"What is the Output?","11,Hp", 
9,Machine,"What is the Voltage?","11", 
10,Machine,"What isthe Amperage?","11", 
11,Machine,"What is the speed?","12", 
12,Machine,"Are the brushes used on Slip Ring or Commutator?","Slip Ring", 
13,Machine,"How many brushes are used on the machine?","", 
14,Machine,"Please indicate how they are distributed on the machine.","", 
15,Brush,"Please indicate the number of wafers.","4",
16,Brush,"Please indicate the brush size by measuring L, W, and T as indicated in the example. If there is more than one wafer, please indicate the total measure (see example below).","Please measure the Length ,Width, and Tickness as indicated in the drawing",(Length-11-mm)	(Width-11-mm)	(Thickness-11-mm)	
17,Brush,"Please choose the shunt connection type.","Tamped connection on top",
18,Brush,"Please indicate the shunt’s length as indicated in the example below.","11,mm",
19,Brush,"Please indicate the shunt location for each wafer by entering the appropriate dots position.","1,2",
20,Brush,"Please indicate the terminal being used by choosing among the example below.","Bar Terminal",
21,Brush,"Please indicate the diameter of the terminal hole/slot as shown in the example.","22,in",
22,Brush,"Please indicate the brush’s top shape.","Guiding Hole",(Diameter-22-mm)	
23,Brush,"Please indicate the brush’s contact surface shape.","Bevel and Concave",(Angel-45-°)	(Diameter-23-mm)	
24,Brush,"Please indicate if there is any plate or absorber on the top of the brush.","Steel Plate",(Width-11-mm)	(Length-22-mm)	
25,Brush,"Is there any spring on top of the brush?","Yes",(Spring diameter?-11-mm)	(Spring free length when no pressure is applied to it?-33-mm)	(The wire diameter?-66-in)	(The number of turns?-2)	
