 , ,=====Registration Data==========, , 
Name,Company,Designation,Email Address,Location
,,,,"23.0416407,72.5077556"
 , ,==========, , 
Index,Screen,Question,Answer,Imgage Question Answer
1,Application,"What Type of industry is it?","Ski Lift", 
2,Application,"Describe The Purpose of The Machine.","testing", 
3,Application,"What is The Relative Humidity of the Air?","11,%,Medium", 
4,Application,"What is the ambient temperature?","11,°C,Low", 
5,Application,"Please specify if there is any dust or vapor in the air.","tesing", 
6,Machine,"Who is the machine manufacturer?","test", 
7,Machine,"How do you commonly refer to that machine?","test", 
8,Machine,"What is the Output?","11,Kw", 
9,Machine,"What is the Voltage?","11", 
10,Machine,"What isthe Amperage?","11", 
11,Machine,"What is the speed?","11", 
12,Machine,"Are the brushes used on Slip Ring or Commutator?","Slip Ring", 
13,Machine,"What is the number of rings?","11", 
14,Machine,"What is the number of brushes per ring?","11", 
15,Machine,"What is the ring material?","tt", 
16,Machine,"What is the ring diameter?","11", 
17,Brush,"Please indicate the number of wafers.","3",
18,Brush,"Please indicate the brush size by measuring L, W, and T as indicated in the example. If there is more than one wafer, please indicate the total measure (see example below).","Please measure the Length ,Width, and Tickness as indicated in the drawing",(Length-11-mm)	(Width-44-in)	(Thickness-33-mm)	
19,Brush,"Please choose the shunt connection type.","Rivet connection",
20,Brush,"Please indicate the shunt’s length as indicated in the example below.","11,mm",
21,Brush,"Please indicate the shunt location for each wafer by entering the appropriate dots position.","1,2",
22,Brush,"Please indicate the terminal being used by choosing among the example below.","Button Cap Terminal",
23,Brush,"Please indicate the diameter of the terminal hole/slot as shown in the example.","11,in",
24,Brush,"Please indicate the brush’s top shape.","Plain Brush",
25,Brush,"Please indicate the brush’s contact surface shape.","Bevel",(Angel-45-°)	
26,Brush,"Please indicate if there is any plate or absorber on the top of the brush.","Steel Plate",(Width-11-mm)	(Length-22-mm)	
27,Brush,"Is there any spring on top of the brush?","Yes",(Spring diameter?-11-mm)	(Spring free length when no pressure is applied to it?-22-mm)	(The wire diameter?-33-mm)	(The number of turns?-11)	
